iter	RMSE
0	323.7486618
1	226.5759789
